name,label
045317.jpg,[True]
193652.jpg,[True]
144147.jpg,[True]
156521.jpg,[True]
201256.jpg,[True]
121659.jpg,[True]
116821.jpg,[True]
145882.jpg,[True]
199430.jpg,[True]
087689.jpg,[True]
162497.jpg,[True]
096566.jpg,[True]
172396.jpg,[True]
164144.jpg,[True]
091099.jpg,[True]
037388.jpg,[True]
038571.jpg,[True]
065555.jpg,[True]
058598.jpg,[True]
197123.jpg,[True]
076358.jpg,[True]
127251.jpg,[True]
038418.jpg,[True]
023786.jpg,[True]
145153.jpg,[True]
124268.jpg,[True]
189988.jpg,[True]
191777.jpg,[True]
065948.jpg,[True]
085722.jpg,[True]
045444.jpg,[True]
090106.jpg,[True]
023738.jpg,[True]
067335.jpg,[True]
091864.jpg,[True]
175418.jpg,[True]
116868.jpg,[True]
007643.jpg,[True]
036360.jpg,[True]
200915.jpg,[True]
182986.jpg,[True]
064740.jpg,[True]
046569.jpg,[True]
180220.jpg,[True]
065720.jpg,[True]
064332.jpg,[True]
193864.jpg,[True]
013155.jpg,[True]
049730.jpg,[True]
051245.jpg,[True]
080478.jpg,[True]
013117.jpg,[True]
066597.jpg,[True]
155736.jpg,[True]
129772.jpg,[True]
067168.jpg,[True]
073927.jpg,[True]
195090.jpg,[True]
024875.jpg,[True]
036270.jpg,[True]
007991.jpg,[True]
028508.jpg,[True]
052408.jpg,[True]
083885.jpg,[True]
018887.jpg,[True]
029849.jpg,[True]
165291.jpg,[True]
193604.jpg,[True]
193484.jpg,[True]
024021.jpg,[True]
122145.jpg,[True]
017797.jpg,[True]
171643.jpg,[True]
087606.jpg,[True]
147013.jpg,[True]
163226.jpg,[True]
042906.jpg,[True]
174531.jpg,[True]
150124.jpg,[True]
016693.jpg,[True]
142583.jpg,[True]
132302.jpg,[True]
133871.jpg,[True]
191575.jpg,[True]
200140.jpg,[True]
097127.jpg,[True]
127100.jpg,[True]
114108.jpg,[True]
039532.jpg,[True]
070336.jpg,[True]
056308.jpg,[True]
053362.jpg,[True]
123953.jpg,[True]
174155.jpg,[True]
044279.jpg,[True]
015690.jpg,[True]
184265.jpg,[True]
051625.jpg,[True]
131399.jpg,[True]
093341.jpg,[True]
027024.jpg,[True]
136513.jpg,[True]
016206.jpg,[True]
077911.jpg,[True]
055975.jpg,[True]
196721.jpg,[True]
102869.jpg,[True]
197374.jpg,[True]
172624.jpg,[True]
073107.jpg,[True]
054674.jpg,[True]
171224.jpg,[True]
016365.jpg,[True]
049378.jpg,[True]
061467.jpg,[True]
028589.jpg,[True]
187719.jpg,[True]
153186.jpg,[True]
162327.jpg,[True]
076797.jpg,[True]
091577.jpg,[True]
098445.jpg,[True]
175187.jpg,[True]
191834.jpg,[True]
117608.jpg,[True]
124951.jpg,[True]
012950.jpg,[True]
180458.jpg,[True]
034269.jpg,[True]
050988.jpg,[True]
000687.jpg,[True]
070650.jpg,[True]
082568.jpg,[True]
107419.jpg,[True]
092081.jpg,[True]
182895.jpg,[True]
160678.jpg,[True]
113973.jpg,[True]
200355.jpg,[True]
015724.jpg,[True]
200895.jpg,[True]
028136.jpg,[False]
025600.jpg,[False]
120849.jpg,[False]
063578.jpg,[False]
083306.jpg,[False]
022603.jpg,[False]
199242.jpg,[False]
189733.jpg,[False]
063119.jpg,[False]
180182.jpg,[False]
050245.jpg,[False]
093991.jpg,[False]
149485.jpg,[False]
072323.jpg,[False]
070619.jpg,[False]
081595.jpg,[False]
156082.jpg,[False]
055317.jpg,[False]
159644.jpg,[False]
159034.jpg,[False]
153653.jpg,[False]
027725.jpg,[False]
074163.jpg,[False]
194847.jpg,[False]
071715.jpg,[False]
155224.jpg,[False]
027825.jpg,[False]
018426.jpg,[False]
005109.jpg,[False]
016160.jpg,[False]
169735.jpg,[False]
174667.jpg,[False]
057830.jpg,[False]
129818.jpg,[False]
185729.jpg,[False]
113244.jpg,[False]
040792.jpg,[False]
139135.jpg,[False]
169108.jpg,[False]
072301.jpg,[False]
085445.jpg,[False]
185254.jpg,[False]
009522.jpg,[False]
202294.jpg,[False]
141536.jpg,[False]
108614.jpg,[False]
033182.jpg,[False]
129357.jpg,[False]
156541.jpg,[False]
170286.jpg,[False]
156605.jpg,[False]
165253.jpg,[False]
187591.jpg,[False]
099237.jpg,[False]
018394.jpg,[False]
087411.jpg,[False]
133577.jpg,[False]
093938.jpg,[False]
008476.jpg,[False]
068030.jpg,[False]
049316.jpg,[False]
120090.jpg,[False]
197332.jpg,[False]
042699.jpg,[False]
156439.jpg,[False]
108403.jpg,[False]
001356.jpg,[False]
142182.jpg,[False]
202331.jpg,[False]
169381.jpg,[False]
144650.jpg,[False]
134022.jpg,[False]
009734.jpg,[False]
088313.jpg,[False]
043320.jpg,[False]
164131.jpg,[False]
152552.jpg,[False]
164751.jpg,[False]
012822.jpg,[False]
183249.jpg,[False]
185200.jpg,[False]
143470.jpg,[False]
036975.jpg,[False]
042247.jpg,[False]
189857.jpg,[False]
131564.jpg,[False]
160512.jpg,[False]
105354.jpg,[False]
069268.jpg,[False]
192391.jpg,[False]
025090.jpg,[False]
004167.jpg,[False]
103890.jpg,[False]
085291.jpg,[False]
050352.jpg,[False]
196538.jpg,[False]
054041.jpg,[False]
019153.jpg,[False]
189053.jpg,[False]
140727.jpg,[False]
096773.jpg,[False]
190146.jpg,[False]
029361.jpg,[False]
105931.jpg,[False]
071340.jpg,[False]
137945.jpg,[False]
077181.jpg,[False]
175264.jpg,[False]
195096.jpg,[False]
066556.jpg,[False]
013471.jpg,[False]
175944.jpg,[False]
019395.jpg,[False]
176154.jpg,[False]
069824.jpg,[False]
013409.jpg,[False]
074383.jpg,[False]
036730.jpg,[False]
158381.jpg,[False]
134045.jpg,[False]
152111.jpg,[False]
176204.jpg,[False]
198666.jpg,[False]
144338.jpg,[False]
129839.jpg,[False]
008827.jpg,[False]
047659.jpg,[False]
182446.jpg,[False]
164322.jpg,[False]
093103.jpg,[False]
117593.jpg,[False]
101272.jpg,[False]
144978.jpg,[False]
110940.jpg,[False]
137081.jpg,[False]
088018.jpg,[False]
113739.jpg,[False]
118825.jpg,[False]
063218.jpg,[False]
120841.jpg,[False]
138215.jpg,[False]
070590.jpg,[False]
179940.jpg,[False]
049302.jpg,[False]
058723.jpg,[False]
091828.jpg,[False]
092968.jpg,[False]
194934.jpg,[False]
180164.jpg,[False]
169159.jpg,[False]
105921.jpg,[False]
100679.jpg,[False]
192371.jpg,[False]
201548.jpg,[False]
128654.jpg,[False]
105550.jpg,[False]
035171.jpg,[False]
165010.jpg,[False]
083265.jpg,[False]
174336.jpg,[False]
014777.jpg,[False]
045902.jpg,[False]
180988.jpg,[False]
084713.jpg,[False]
045603.jpg,[False]
147569.jpg,[False]
026116.jpg,[False]
087773.jpg,[False]
104859.jpg,[False]
144080.jpg,[False]
097335.jpg,[False]
068393.jpg,[False]
031034.jpg,[False]
168393.jpg,[False]
057936.jpg,[False]
034582.jpg,[False]
111178.jpg,[False]
113660.jpg,[False]
008830.jpg,[False]
077525.jpg,[False]
069608.jpg,[False]
040411.jpg,[False]
003718.jpg,[False]
048067.jpg,[False]
109715.jpg,[False]
131082.jpg,[False]
084276.jpg,[False]
082666.jpg,[False]
052687.jpg,[False]
073036.jpg,[False]
049803.jpg,[False]
110997.jpg,[False]
055747.jpg,[False]
142427.jpg,[False]
199015.jpg,[False]
136120.jpg,[False]
120037.jpg,[False]
160618.jpg,[False]
179991.jpg,[False]
196353.jpg,[False]
060960.jpg,[False]
099031.jpg,[False]
070263.jpg,[False]
179706.jpg,[False]
103449.jpg,[False]
144422.jpg,[False]
086699.jpg,[False]
108502.jpg,[False]
118523.jpg,[False]
075066.jpg,[False]
151131.jpg,[False]
071460.jpg,[False]
065086.jpg,[False]
200031.jpg,[False]
185057.jpg,[False]
149076.jpg,[False]
177520.jpg,[False]
187703.jpg,[False]
188243.jpg,[False]
000011.jpg,[False]
001575.jpg,[False]
111196.jpg,[False]
104831.jpg,[False]
128504.jpg,[False]
065022.jpg,[False]
180770.jpg,[False]
084410.jpg,[False]
151789.jpg,[False]
178171.jpg,[False]
168993.jpg,[False]
111975.jpg,[False]
189178.jpg,[False]
124856.jpg,[False]
005773.jpg,[False]
014292.jpg,[False]
044586.jpg,[False]
012664.jpg,[False]
005956.jpg,[False]
146837.jpg,[False]
038737.jpg,[False]
194403.jpg,[False]
138248.jpg,[False]
184729.jpg,[False]
116306.jpg,[False]
044293.jpg,[False]
187626.jpg,[False]
123929.jpg,[False]
062884.jpg,[False]
142525.jpg,[False]
075732.jpg,[False]
152224.jpg,[False]
031026.jpg,[False]
045662.jpg,[False]
024558.jpg,[False]
161045.jpg,[False]
096382.jpg,[False]
113467.jpg,[False]
115927.jpg,[False]
183047.jpg,[False]
111458.jpg,[False]
188020.jpg,[False]
086906.jpg,[False]
154214.jpg,[False]
119858.jpg,[False]
014946.jpg,[False]
054473.jpg,[False]
160555.jpg,[False]
174474.jpg,[False]
047271.jpg,[False]
060700.jpg,[False]
151269.jpg,[False]
146254.jpg,[False]
163726.jpg,[False]
017150.jpg,[False]
113560.jpg,[False]
096017.jpg,[False]
188584.jpg,[False]
186640.jpg,[False]
137168.jpg,[False]
068041.jpg,[False]
129390.jpg,[False]
099933.jpg,[False]
104279.jpg,[False]
068535.jpg,[False]
099438.jpg,[False]
016639.jpg,[False]
029501.jpg,[False]
122948.jpg,[False]
051868.jpg,[False]
031154.jpg,[False]
095426.jpg,[False]
201921.jpg,[False]
031311.jpg,[False]
030144.jpg,[False]
158680.jpg,[False]
114936.jpg,[False]
016884.jpg,[False]
004081.jpg,[False]
060039.jpg,[False]
088517.jpg,[False]
138840.jpg,[False]
135556.jpg,[False]
180431.jpg,[False]
098971.jpg,[False]
119959.jpg,[False]
115141.jpg,[False]
085618.jpg,[False]
170701.jpg,[False]
121001.jpg,[False]
164893.jpg,[False]
013948.jpg,[False]
053384.jpg,[False]
116127.jpg,[False]
118565.jpg,[False]
187352.jpg,[False]
148070.jpg,[False]
156887.jpg,[False]
108899.jpg,[False]
129676.jpg,[False]
001282.jpg,[False]
166047.jpg,[False]
144027.jpg,[False]
030710.jpg,[False]
093467.jpg,[False]
007833.jpg,[False]
191479.jpg,[False]
023963.jpg,[False]
074947.jpg,[False]
008244.jpg,[False]
034356.jpg,[False]
104105.jpg,[False]
153207.jpg,[False]
032096.jpg,[False]
198369.jpg,[False]
183628.jpg,[False]
089281.jpg,[False]
064696.jpg,[False]
138007.jpg,[False]
159989.jpg,[False]
142035.jpg,[False]
185316.jpg,[False]
198305.jpg,[False]
094465.jpg,[False]
113614.jpg,[False]
067420.jpg,[False]
084870.jpg,[False]
201243.jpg,[False]
061902.jpg,[False]
190292.jpg,[False]
027548.jpg,[False]
178967.jpg,[False]
167775.jpg,[False]
040181.jpg,[False]
053674.jpg,[False]
160482.jpg,[False]
091998.jpg,[False]
034397.jpg,[False]
125975.jpg,[False]
178424.jpg,[False]
099388.jpg,[False]
099462.jpg,[False]
018793.jpg,[False]
001278.jpg,[False]
067847.jpg,[False]
066921.jpg,[False]
189014.jpg,[False]
191178.jpg,[False]
119601.jpg,[False]
026127.jpg,[False]
035215.jpg,[False]
049495.jpg,[False]
095013.jpg,[False]
089610.jpg,[False]
170787.jpg,[False]
068560.jpg,[False]
061415.jpg,[False]
123218.jpg,[False]
160876.jpg,[False]
058387.jpg,[False]
075150.jpg,[False]
176728.jpg,[False]
090197.jpg,[False]
029790.jpg,[False]
165018.jpg,[False]
121459.jpg,[False]
093132.jpg,[False]
137369.jpg,[False]
199845.jpg,[False]
149994.jpg,[False]
175639.jpg,[False]
151156.jpg,[False]
091540.jpg,[False]
157878.jpg,[False]
174329.jpg,[False]
200110.jpg,[False]
070033.jpg,[False]
100745.jpg,[False]
131390.jpg,[False]
056867.jpg,[False]
101638.jpg,[False]
154643.jpg,[False]
076738.jpg,[False]
163881.jpg,[False]
141318.jpg,[False]
043298.jpg,[False]
074861.jpg,[False]
119886.jpg,[False]
046406.jpg,[False]
057061.jpg,[False]
130134.jpg,[False]
149414.jpg,[False]
061407.jpg,[False]
178162.jpg,[False]
186968.jpg,[False]
142432.jpg,[False]
111382.jpg,[False]
114114.jpg,[False]
154677.jpg,[False]
170219.jpg,[False]
085300.jpg,[False]
117621.jpg,[False]
164448.jpg,[False]
186716.jpg,[False]
053882.jpg,[False]
136191.jpg,[False]
171961.jpg,[False]
131249.jpg,[False]
072182.jpg,[False]
199218.jpg,[False]
024877.jpg,[False]
174187.jpg,[False]
118556.jpg,[False]
108822.jpg,[False]
192163.jpg,[False]
176527.jpg,[False]
058094.jpg,[False]
143502.jpg,[False]
046056.jpg,[False]
092814.jpg,[False]
196058.jpg,[False]
027607.jpg,[False]
097784.jpg,[False]
001491.jpg,[False]
196116.jpg,[False]
185951.jpg,[False]
173205.jpg,[False]
072183.jpg,[False]
134308.jpg,[False]
027953.jpg,[False]
173146.jpg,[False]
027448.jpg,[False]
141705.jpg,[False]
107675.jpg,[False]
054450.jpg,[False]
089945.jpg,[False]
043717.jpg,[False]
192554.jpg,[False]
030686.jpg,[False]
085960.jpg,[False]
161549.jpg,[False]
160767.jpg,[False]
041226.jpg,[False]
184738.jpg,[False]
186751.jpg,[False]
191954.jpg,[False]
109801.jpg,[False]
155411.jpg,[False]
172007.jpg,[False]
006106.jpg,[False]
175462.jpg,[False]
110036.jpg,[False]
115247.jpg,[False]
092161.jpg,[False]
201141.jpg,[False]
028042.jpg,[False]
077188.jpg,[False]
120825.jpg,[False]
201867.jpg,[False]
012404.jpg,[False]
107658.jpg,[False]
059945.jpg,[False]
120138.jpg,[False]
086214.jpg,[False]
076723.jpg,[False]
087379.jpg,[False]
039531.jpg,[False]
099356.jpg,[False]
074413.jpg,[False]
196550.jpg,[False]
081889.jpg,[False]
147736.jpg,[False]
007453.jpg,[False]
172888.jpg,[False]
133043.jpg,[False]
002932.jpg,[False]
156335.jpg,[False]
164657.jpg,[False]
195004.jpg,[False]
122674.jpg,[False]
074060.jpg,[False]
118472.jpg,[False]
023507.jpg,[False]
185544.jpg,[False]
123860.jpg,[False]
104271.jpg,[False]
036286.jpg,[False]
064659.jpg,[False]
114048.jpg,[False]
131177.jpg,[False]
159692.jpg,[False]
046723.jpg,[False]
173324.jpg,[False]
018131.jpg,[False]
023721.jpg,[False]
039460.jpg,[False]
168776.jpg,[False]
067202.jpg,[False]
018063.jpg,[False]
161435.jpg,[False]
057809.jpg,[False]
048210.jpg,[False]
163928.jpg,[False]
179104.jpg,[False]
145413.jpg,[False]
031640.jpg,[False]
073669.jpg,[False]
054640.jpg,[False]
147974.jpg,[False]
042556.jpg,[False]
095814.jpg,[False]
051587.jpg,[False]
021706.jpg,[False]
047409.jpg,[False]
095226.jpg,[False]
029608.jpg,[False]
032450.jpg,[False]
027535.jpg,[False]
000171.jpg,[False]
025284.jpg,[False]
146542.jpg,[False]
150708.jpg,[False]
195063.jpg,[False]
023018.jpg,[False]
112399.jpg,[False]
091721.jpg,[False]
137717.jpg,[False]
133699.jpg,[False]
155328.jpg,[False]
118361.jpg,[False]
150258.jpg,[False]
056787.jpg,[False]
125946.jpg,[False]
194015.jpg,[False]
090702.jpg,[False]
128039.jpg,[False]
043512.jpg,[False]
082301.jpg,[False]
154612.jpg,[False]
052346.jpg,[False]
017914.jpg,[False]
109254.jpg,[False]
091213.jpg,[False]
032453.jpg,[False]
017166.jpg,[False]
107410.jpg,[False]
007289.jpg,[False]
029108.jpg,[False]
108752.jpg,[False]
057856.jpg,[False]
125311.jpg,[False]
028738.jpg,[False]
092270.jpg,[False]
069294.jpg,[False]
089899.jpg,[False]
088160.jpg,[False]
065408.jpg,[False]
092537.jpg,[False]
095034.jpg,[False]
087828.jpg,[False]
122501.jpg,[False]
194210.jpg,[False]
049227.jpg,[False]
102790.jpg,[False]
172592.jpg,[False]
123058.jpg,[False]
151573.jpg,[False]
015310.jpg,[False]
068272.jpg,[False]
036002.jpg,[False]
199985.jpg,[False]
075647.jpg,[False]
182596.jpg,[False]
184006.jpg,[False]
021177.jpg,[False]
044996.jpg,[False]
091468.jpg,[False]
002318.jpg,[False]
022692.jpg,[False]
143426.jpg,[False]
062140.jpg,[False]
160352.jpg,[False]
195604.jpg,[False]
156913.jpg,[False]
028123.jpg,[False]
034938.jpg,[False]
058458.jpg,[False]
199013.jpg,[False]
128314.jpg,[False]
100939.jpg,[False]
198118.jpg,[False]
000558.jpg,[False]
060626.jpg,[False]
097775.jpg,[False]
049694.jpg,[False]
159525.jpg,[False]
160977.jpg,[False]
030231.jpg,[False]
159547.jpg,[False]
048918.jpg,[False]
090739.jpg,[False]
047823.jpg,[False]
197991.jpg,[False]
045153.jpg,[False]
195671.jpg,[False]
095146.jpg,[False]
050562.jpg,[False]
016964.jpg,[False]
030550.jpg,[False]
033094.jpg,[False]
137276.jpg,[False]
068829.jpg,[False]
017577.jpg,[False]
029603.jpg,[False]
140891.jpg,[False]
083830.jpg,[False]
012325.jpg,[False]
095644.jpg,[False]
056759.jpg,[False]
173277.jpg,[False]
176814.jpg,[False]
173365.jpg,[False]
120700.jpg,[False]
056776.jpg,[False]
093465.jpg,[False]
085013.jpg,[False]
039379.jpg,[False]
122831.jpg,[False]
160987.jpg,[False]
021230.jpg,[False]
107689.jpg,[False]
054726.jpg,[False]
003213.jpg,[False]
027047.jpg,[False]
137984.jpg,[False]
185461.jpg,[False]
052283.jpg,[False]
147377.jpg,[False]
183443.jpg,[False]
196690.jpg,[False]
202524.jpg,[False]
077962.jpg,[False]
049109.jpg,[False]
122940.jpg,[False]
107592.jpg,[False]
161457.jpg,[False]
000830.jpg,[False]
162857.jpg,[False]
072177.jpg,[False]
168441.jpg,[False]
091838.jpg,[False]
001321.jpg,[False]
070531.jpg,[False]
025751.jpg,[False]
086459.jpg,[False]
051265.jpg,[False]
070928.jpg,[False]
117650.jpg,[False]
170223.jpg,[False]
008376.jpg,[False]
025958.jpg,[False]
181760.jpg,[False]
119462.jpg,[False]
106259.jpg,[False]
059034.jpg,[False]
008155.jpg,[False]
180216.jpg,[False]
170314.jpg,[False]
027394.jpg,[False]
123938.jpg,[False]
075704.jpg,[False]
080186.jpg,[False]
022954.jpg,[False]
184324.jpg,[False]
111831.jpg,[False]
054181.jpg,[False]
138298.jpg,[False]
045720.jpg,[False]
158035.jpg,[False]
061062.jpg,[False]
143038.jpg,[False]
120545.jpg,[False]
074685.jpg,[False]
122042.jpg,[False]
057078.jpg,[False]
142179.jpg,[False]
080031.jpg,[False]
187589.jpg,[False]
111374.jpg,[False]
113594.jpg,[False]
026884.jpg,[False]
132383.jpg,[False]
169004.jpg,[False]
125236.jpg,[False]
032493.jpg,[False]
078950.jpg,[False]
197487.jpg,[False]
156192.jpg,[False]
172812.jpg,[False]
090653.jpg,[False]
016723.jpg,[False]
052271.jpg,[False]
068438.jpg,[False]
069811.jpg,[False]
049479.jpg,[False]
067041.jpg,[False]
004319.jpg,[False]
178863.jpg,[False]
200914.jpg,[False]
128559.jpg,[False]
197501.jpg,[False]
096132.jpg,[False]
167743.jpg,[False]
017214.jpg,[False]
035323.jpg,[False]
001876.jpg,[False]
034694.jpg,[False]
027541.jpg,[False]
115023.jpg,[False]
073218.jpg,[False]
192195.jpg,[False]
089220.jpg,[False]
042422.jpg,[False]
102659.jpg,[False]
021610.jpg,[False]
045772.jpg,[False]
137177.jpg,[False]
084619.jpg,[False]
151820.jpg,[False]
088592.jpg,[False]
034337.jpg,[False]
020101.jpg,[False]
046268.jpg,[False]
111797.jpg,[False]
148116.jpg,[False]
009711.jpg,[False]
029506.jpg,[False]
120535.jpg,[False]
033175.jpg,[False]
019949.jpg,[False]
091716.jpg,[False]
128495.jpg,[False]
162068.jpg,[False]
005324.jpg,[False]
164397.jpg,[False]
152493.jpg,[False]
179344.jpg,[False]
071633.jpg,[False]
132804.jpg,[False]
167555.jpg,[False]
003398.jpg,[False]
017346.jpg,[False]
105329.jpg,[False]
196101.jpg,[False]
030465.jpg,[False]
035083.jpg,[False]
072431.jpg,[False]
072722.jpg,[False]
110214.jpg,[False]
075536.jpg,[False]
177461.jpg,[False]
075544.jpg,[False]
154189.jpg,[False]
155808.jpg,[False]
071860.jpg,[False]
055949.jpg,[False]
193865.jpg,[False]
109787.jpg,[False]
117946.jpg,[False]
150105.jpg,[False]
145879.jpg,[False]
003164.jpg,[False]
047654.jpg,[False]
125183.jpg,[False]
158396.jpg,[False]
062165.jpg,[False]
042371.jpg,[False]
062566.jpg,[False]
065425.jpg,[False]
129151.jpg,[False]
174789.jpg,[False]
011580.jpg,[False]
157748.jpg,[False]
045363.jpg,[False]
096781.jpg,[False]
081772.jpg,[False]
041756.jpg,[False]
059751.jpg,[False]
066931.jpg,[False]
024798.jpg,[False]
136558.jpg,[False]
061225.jpg,[False]
142736.jpg,[False]
034275.jpg,[False]
190029.jpg,[False]
067634.jpg,[False]
049455.jpg,[False]
023475.jpg,[False]
032531.jpg,[False]
030097.jpg,[False]
137756.jpg,[False]
196207.jpg,[False]
011283.jpg,[False]
145501.jpg,[False]
071924.jpg,[False]
011256.jpg,[False]
112318.jpg,[False]
097484.jpg,[False]
014057.jpg,[False]
081227.jpg,[False]
182285.jpg,[False]
136913.jpg,[False]
060578.jpg,[False]
130523.jpg,[False]
082270.jpg,[False]
171356.jpg,[False]
072733.jpg,[False]
055755.jpg,[False]
106783.jpg,[False]
018967.jpg,[False]
202334.jpg,[False]
196584.jpg,[False]
103321.jpg,[False]
048379.jpg,[False]
187901.jpg,[False]
017859.jpg,[False]
053406.jpg,[False]
197692.jpg,[False]
193226.jpg,[False]
001880.jpg,[False]
010105.jpg,[False]
054107.jpg,[False]
148762.jpg,[False]
155056.jpg,[False]
137352.jpg,[False]
195339.jpg,[False]
005913.jpg,[False]
019310.jpg,[False]
009986.jpg,[False]
048630.jpg,[False]
104155.jpg,[False]
010169.jpg,[False]
119695.jpg,[False]
145755.jpg,[False]
191569.jpg,[False]
170060.jpg,[False]
031719.jpg,[False]
073408.jpg,[False]
012853.jpg,[False]
162058.jpg,[False]
135869.jpg,[False]
168170.jpg,[False]
043334.jpg,[False]
106942.jpg,[False]
137084.jpg,[False]
189275.jpg,[False]
080234.jpg,[False]
162945.jpg,[False]
157660.jpg,[False]
062879.jpg,[False]
085824.jpg,[False]
066105.jpg,[False]
165772.jpg,[False]
091128.jpg,[False]
086519.jpg,[False]
031945.jpg,[False]
050307.jpg,[False]
028658.jpg,[False]
080302.jpg,[False]
137040.jpg,[False]
187251.jpg,[False]
054619.jpg,[False]
003876.jpg,[False]
001461.jpg,[False]
028107.jpg,[False]
118399.jpg,[False]
140056.jpg,[False]
063466.jpg,[False]
093252.jpg,[False]
147928.jpg,[False]
017343.jpg,[False]
173694.jpg,[False]
126668.jpg,[False]
042332.jpg,[False]
074230.jpg,[False]
043822.jpg,[False]
039611.jpg,[False]
147541.jpg,[False]
084980.jpg,[False]
078486.jpg,[False]
172194.jpg,[False]
056110.jpg,[False]
104003.jpg,[False]
018606.jpg,[False]
098419.jpg,[False]
048290.jpg,[False]
197119.jpg,[False]
007295.jpg,[False]
196243.jpg,[False]
163452.jpg,[False]
090728.jpg,[False]
133955.jpg,[False]
159478.jpg,[False]
019391.jpg,[False]
099915.jpg,[False]
075776.jpg,[False]
182013.jpg,[False]
141763.jpg,[False]
096262.jpg,[False]
118112.jpg,[False]
201993.jpg,[False]
171997.jpg,[False]
163147.jpg,[False]
061730.jpg,[False]
060583.jpg,[False]
026219.jpg,[False]
064863.jpg,[False]
145067.jpg,[False]
022097.jpg,[False]
068626.jpg,[False]
064450.jpg,[False]
089299.jpg,[False]
080227.jpg,[False]
198202.jpg,[False]
114314.jpg,[False]
198054.jpg,[False]
189795.jpg,[False]
067881.jpg,[False]
196103.jpg,[False]
016807.jpg,[False]
001328.jpg,[False]
087652.jpg,[False]
101445.jpg,[False]
039360.jpg,[False]
134040.jpg,[False]
089491.jpg,[False]
194085.jpg,[False]
088320.jpg,[False]
097396.jpg,[False]
047710.jpg,[False]
024300.jpg,[False]
108950.jpg,[False]
044437.jpg,[False]
155219.jpg,[False]
161034.jpg,[False]
125200.jpg,[False]
179703.jpg,[False]
076158.jpg,[False]
040596.jpg,[False]
097668.jpg,[False]
158700.jpg,[False]
082834.jpg,[False]
126816.jpg,[False]
014863.jpg,[False]
006391.jpg,[False]
011115.jpg,[False]
016514.jpg,[False]
100031.jpg,[False]
152166.jpg,[False]
144173.jpg,[False]
164393.jpg,[False]
189995.jpg,[False]
118245.jpg,[False]
016711.jpg,[False]
175841.jpg,[False]
191234.jpg,[False]
034626.jpg,[False]
200728.jpg,[False]
069381.jpg,[False]
162836.jpg,[False]
199347.jpg,[False]
006509.jpg,[False]
126049.jpg,[False]
115651.jpg,[False]
194052.jpg,[False]
148046.jpg,[False]
071159.jpg,[False]
019382.jpg,[False]
061118.jpg,[False]
021201.jpg,[False]
100863.jpg,[False]
172924.jpg,[False]
097628.jpg,[False]
198341.jpg,[False]
116351.jpg,[False]
134487.jpg,[False]
095169.jpg,[False]
033678.jpg,[False]
050837.jpg,[False]
103283.jpg,[False]
025350.jpg,[False]
198966.jpg,[False]
119951.jpg,[False]
098789.jpg,[False]
011714.jpg,[False]
007269.jpg,[False]
079806.jpg,[False]
001574.jpg,[False]
110431.jpg,[False]
140587.jpg,[False]
062289.jpg,[False]
154890.jpg,[False]
166764.jpg,[False]
006943.jpg,[False]
008070.jpg,[False]
021694.jpg,[False]
132956.jpg,[False]
018709.jpg,[False]
010732.jpg,[False]
125314.jpg,[False]
199156.jpg,[False]
187034.jpg,[False]
096673.jpg,[False]
141274.jpg,[False]
129381.jpg,[False]
143614.jpg,[False]
123346.jpg,[False]
067995.jpg,[False]
112239.jpg,[False]
173202.jpg,[False]
013377.jpg,[False]
011957.jpg,[False]
083996.jpg,[False]
194037.jpg,[False]
045694.jpg,[False]
183767.jpg,[False]
161416.jpg,[False]
142032.jpg,[False]
082302.jpg,[False]
152367.jpg,[False]
113060.jpg,[False]
057724.jpg,[False]
123523.jpg,[False]
189156.jpg,[False]
091949.jpg,[False]
149724.jpg,[False]
030956.jpg,[False]
196519.jpg,[False]
091696.jpg,[False]
125272.jpg,[False]
129848.jpg,[False]
154710.jpg,[False]
125963.jpg,[False]
089781.jpg,[False]
126915.jpg,[False]
155690.jpg,[False]
101653.jpg,[False]
095342.jpg,[False]
012358.jpg,[False]
176711.jpg,[False]
042110.jpg,[False]
079642.jpg,[False]
064420.jpg,[False]
152967.jpg,[False]
156998.jpg,[False]
188717.jpg,[False]
037837.jpg,[False]
095834.jpg,[False]
177776.jpg,[False]
182670.jpg,[False]
038480.jpg,[False]
071125.jpg,[False]
101608.jpg,[False]
165299.jpg,[False]
042638.jpg,[False]
004085.jpg,[False]
005955.jpg,[False]
021187.jpg,[False]
179681.jpg,[False]
083069.jpg,[False]
001376.jpg,[False]
082000.jpg,[False]
032225.jpg,[False]
146235.jpg,[False]
186260.jpg,[False]
168143.jpg,[False]
015158.jpg,[False]
159571.jpg,[False]
172412.jpg,[False]
073697.jpg,[False]
117232.jpg,[False]
074184.jpg,[False]
071644.jpg,[False]
064127.jpg,[False]
012438.jpg,[False]
103648.jpg,[False]
140092.jpg,[False]
195491.jpg,[False]
020670.jpg,[False]
097417.jpg,[False]
136779.jpg,[False]
013481.jpg,[False]
085259.jpg,[False]
153532.jpg,[False]
121149.jpg,[False]
120432.jpg,[False]
014323.jpg,[False]
096442.jpg,[False]
139963.jpg,[False]
070500.jpg,[False]
078948.jpg,[False]
187735.jpg,[False]
028823.jpg,[False]
160869.jpg,[False]
037830.jpg,[False]
154019.jpg,[False]
199919.jpg,[False]
169264.jpg,[False]
106111.jpg,[False]
195810.jpg,[False]
007701.jpg,[False]
042127.jpg,[False]
062873.jpg,[False]
163152.jpg,[False]
192058.jpg,[False]
113534.jpg,[False]
176422.jpg,[False]
132330.jpg,[False]
040514.jpg,[False]
075328.jpg,[False]
080150.jpg,[False]
048513.jpg,[False]
172471.jpg,[False]
058316.jpg,[False]
013587.jpg,[False]
110688.jpg,[False]
033919.jpg,[False]
105423.jpg,[False]
042783.jpg,[False]
123340.jpg,[False]
038755.jpg,[False]
109675.jpg,[False]
105554.jpg,[False]
111950.jpg,[False]
158005.jpg,[False]
009429.jpg,[False]
066360.jpg,[False]
202420.jpg,[False]
034798.jpg,[False]
166387.jpg,[False]
067888.jpg,[False]
027579.jpg,[False]
201880.jpg,[False]
026682.jpg,[False]
193737.jpg,[False]
171841.jpg,[False]
034572.jpg,[False]
077566.jpg,[False]
201158.jpg,[False]
165757.jpg,[False]
056928.jpg,[False]
065910.jpg,[False]
089183.jpg,[False]
183580.jpg,[False]
079506.jpg,[False]
168671.jpg,[False]
107337.jpg,[False]
122151.jpg,[False]
118218.jpg,[False]
103324.jpg,[False]
171801.jpg,[False]
062813.jpg,[False]
097472.jpg,[False]
054262.jpg,[False]
056874.jpg,[False]
141852.jpg,[False]
144880.jpg,[False]
180982.jpg,[False]
050207.jpg,[False]
149858.jpg,[False]
109922.jpg,[False]
025837.jpg,[False]
094475.jpg,[False]
030489.jpg,[False]
048320.jpg,[False]
112950.jpg,[False]
067016.jpg,[False]
038287.jpg,[False]
126740.jpg,[False]
001667.jpg,[False]
198069.jpg,[False]
083810.jpg,[False]
117124.jpg,[False]
071313.jpg,[False]
115718.jpg,[False]
023839.jpg,[False]
197565.jpg,[False]
096116.jpg,[False]
131503.jpg,[False]
071123.jpg,[False]
185327.jpg,[False]
111723.jpg,[False]
107054.jpg,[False]
035170.jpg,[False]
054708.jpg,[False]
161543.jpg,[False]
009773.jpg,[False]
199757.jpg,[False]
117384.jpg,[False]
055110.jpg,[False]
128332.jpg,[False]
076821.jpg,[False]
188768.jpg,[False]
151901.jpg,[False]
057372.jpg,[False]
181288.jpg,[False]
035600.jpg,[False]
175198.jpg,[False]
089235.jpg,[False]
098980.jpg,[False]
143962.jpg,[False]
170940.jpg,[False]
149032.jpg,[False]
199440.jpg,[False]
174186.jpg,[False]
101738.jpg,[False]
060813.jpg,[False]
061017.jpg,[False]
062235.jpg,[False]
200283.jpg,[False]
189028.jpg,[False]
133475.jpg,[False]
192326.jpg,[False]
145828.jpg,[False]
038198.jpg,[False]
087376.jpg,[False]
036573.jpg,[False]
191745.jpg,[False]
168204.jpg,[False]
033740.jpg,[False]
038809.jpg,[False]
004206.jpg,[False]
019372.jpg,[False]
078348.jpg,[False]
188372.jpg,[False]
161462.jpg,[False]
126293.jpg,[False]
013649.jpg,[False]
023607.jpg,[False]
155967.jpg,[False]
163036.jpg,[False]
111943.jpg,[False]
098204.jpg,[False]
045073.jpg,[False]
106100.jpg,[False]
195190.jpg,[False]
051994.jpg,[False]
015628.jpg,[False]
058514.jpg,[False]
005749.jpg,[False]
033223.jpg,[False]
046824.jpg,[False]
144568.jpg,[False]
136273.jpg,[False]
152795.jpg,[False]
042817.jpg,[False]
019629.jpg,[False]
135782.jpg,[False]
087691.jpg,[False]
111082.jpg,[False]
102779.jpg,[False]
144851.jpg,[False]
097803.jpg,[False]
111189.jpg,[False]
098984.jpg,[False]
135053.jpg,[False]
200708.jpg,[False]
143269.jpg,[False]
176191.jpg,[False]
198439.jpg,[False]
184871.jpg,[False]
167520.jpg,[False]
199620.jpg,[False]
166791.jpg,[False]
196086.jpg,[False]
042004.jpg,[False]
012235.jpg,[False]
063796.jpg,[False]
189360.jpg,[False]
175463.jpg,[False]
165729.jpg,[False]
089554.jpg,[False]
103447.jpg,[False]
150348.jpg,[False]
183875.jpg,[False]
032562.jpg,[False]
084231.jpg,[False]
016777.jpg,[False]
167717.jpg,[False]
138156.jpg,[False]
032958.jpg,[False]
124219.jpg,[False]
040695.jpg,[False]
023318.jpg,[False]
136950.jpg,[False]
107067.jpg,[False]
006569.jpg,[False]
069493.jpg,[False]
092626.jpg,[False]
106560.jpg,[False]
139668.jpg,[False]
133433.jpg,[False]
140604.jpg,[False]
131250.jpg,[False]
199086.jpg,[False]
096218.jpg,[False]
137903.jpg,[False]
044862.jpg,[False]
012124.jpg,[False]
099024.jpg,[False]
200229.jpg,[False]
117434.jpg,[False]
194893.jpg,[False]
072132.jpg,[False]
058625.jpg,[False]
105413.jpg,[False]
134028.jpg,[False]
179379.jpg,[False]
051310.jpg,[False]
201904.jpg,[False]
135492.jpg,[False]
188907.jpg,[False]
079198.jpg,[False]
013815.jpg,[False]
196228.jpg,[False]
066598.jpg,[False]
186599.jpg,[False]
054237.jpg,[False]
154041.jpg,[False]
004365.jpg,[False]
090103.jpg,[False]
003082.jpg,[False]
107861.jpg,[False]
051652.jpg,[False]
157307.jpg,[False]
097975.jpg,[False]
106878.jpg,[False]
111286.jpg,[False]
096687.jpg,[False]
163622.jpg,[False]
155032.jpg,[False]
032143.jpg,[False]
140680.jpg,[False]
096881.jpg,[False]
200287.jpg,[False]
118420.jpg,[False]
079494.jpg,[False]
081782.jpg,[False]
003942.jpg,[False]
097039.jpg,[False]
091667.jpg,[False]
103095.jpg,[False]
195633.jpg,[False]
178290.jpg,[False]
044762.jpg,[False]
064286.jpg,[False]
002900.jpg,[False]
094781.jpg,[False]
098783.jpg,[False]
147760.jpg,[False]
086399.jpg,[False]
053263.jpg,[False]
029233.jpg,[False]
133447.jpg,[False]
172394.jpg,[False]
071339.jpg,[False]
140945.jpg,[False]
108513.jpg,[False]
055793.jpg,[False]
065917.jpg,[False]
122495.jpg,[False]
068239.jpg,[False]
199209.jpg,[False]
065625.jpg,[False]
026015.jpg,[False]
014078.jpg,[False]
101701.jpg,[False]
121153.jpg,[False]
025779.jpg,[False]
179338.jpg,[False]
047390.jpg,[False]
179318.jpg,[False]
049505.jpg,[False]
173636.jpg,[False]
074948.jpg,[False]
060203.jpg,[False]
018714.jpg,[False]
052475.jpg,[False]
125523.jpg,[False]
172130.jpg,[False]
189791.jpg,[False]
167174.jpg,[False]
161020.jpg,[False]
113259.jpg,[False]
062407.jpg,[False]
093608.jpg,[False]
077495.jpg,[False]
141422.jpg,[False]
006448.jpg,[False]
119942.jpg,[False]
003179.jpg,[False]
180103.jpg,[False]
016749.jpg,[False]
182994.jpg,[False]
142978.jpg,[False]
188805.jpg,[False]
193272.jpg,[False]
017283.jpg,[False]
186338.jpg,[False]
169032.jpg,[False]
177256.jpg,[False]
015343.jpg,[False]
090416.jpg,[False]
160167.jpg,[False]
006295.jpg,[False]
062833.jpg,[False]
071712.jpg,[False]
054835.jpg,[False]
036744.jpg,[False]
009045.jpg,[False]
106639.jpg,[False]
048128.jpg,[False]
173492.jpg,[False]
184358.jpg,[False]
019632.jpg,[False]
089683.jpg,[False]
067918.jpg,[False]
197813.jpg,[False]
046845.jpg,[False]
014433.jpg,[False]
146481.jpg,[False]
071375.jpg,[False]
113487.jpg,[False]
010703.jpg,[False]
098417.jpg,[False]
123120.jpg,[False]
143496.jpg,[False]
097617.jpg,[False]
033816.jpg,[False]
171598.jpg,[False]
195650.jpg,[False]
101116.jpg,[False]
192696.jpg,[False]
074639.jpg,[False]
119059.jpg,[False]
003827.jpg,[False]
095079.jpg,[False]
029480.jpg,[False]
002583.jpg,[False]
028801.jpg,[False]
063541.jpg,[False]
035232.jpg,[False]
070587.jpg,[False]
114979.jpg,[False]
124959.jpg,[False]
010578.jpg,[False]
175448.jpg,[False]
106612.jpg,[False]
105439.jpg,[False]
140873.jpg,[False]
026822.jpg,[False]
123832.jpg,[False]
169670.jpg,[False]
142883.jpg,[False]
022230.jpg,[False]
194261.jpg,[False]
027171.jpg,[False]
049184.jpg,[False]
044312.jpg,[False]
107900.jpg,[False]
041839.jpg,[False]
187187.jpg,[False]
068023.jpg,[False]
088950.jpg,[False]
148561.jpg,[False]
126470.jpg,[False]
198416.jpg,[False]
162644.jpg,[False]
178244.jpg,[False]
120198.jpg,[False]
092644.jpg,[False]
171994.jpg,[False]
123907.jpg,[False]
109864.jpg,[False]
124431.jpg,[False]
120674.jpg,[False]
132849.jpg,[False]
083905.jpg,[False]
128011.jpg,[False]
003484.jpg,[False]
055752.jpg,[False]
151095.jpg,[False]
028431.jpg,[False]
188244.jpg,[False]
079202.jpg,[False]
056548.jpg,[False]
053768.jpg,[False]
111275.jpg,[False]
140927.jpg,[False]
200175.jpg,[False]
126537.jpg,[False]
184702.jpg,[False]
130515.jpg,[False]
003311.jpg,[False]
153241.jpg,[False]
139495.jpg,[False]
107897.jpg,[False]
008040.jpg,[False]
194144.jpg,[False]
106500.jpg,[False]
005532.jpg,[False]
114119.jpg,[False]
094871.jpg,[False]
026739.jpg,[False]
162754.jpg,[False]
103669.jpg,[False]
118011.jpg,[False]
120001.jpg,[False]
060853.jpg,[False]
145315.jpg,[False]
032505.jpg,[False]
109276.jpg,[False]
123934.jpg,[False]
062406.jpg,[False]
020674.jpg,[False]
135754.jpg,[False]
007433.jpg,[False]
111452.jpg,[False]
153993.jpg,[False]
186918.jpg,[False]
003003.jpg,[False]
045404.jpg,[False]
128130.jpg,[False]
101806.jpg,[False]
043862.jpg,[False]
136108.jpg,[False]
074614.jpg,[False]
178517.jpg,[False]
155945.jpg,[False]
155013.jpg,[False]
202043.jpg,[False]
142278.jpg,[False]
089044.jpg,[False]
202521.jpg,[False]
083512.jpg,[False]
161021.jpg,[False]
098967.jpg,[False]
059943.jpg,[False]
135613.jpg,[False]
172792.jpg,[False]
126756.jpg,[False]
101069.jpg,[False]
081487.jpg,[False]
106955.jpg,[False]
158434.jpg,[False]
062659.jpg,[False]
113133.jpg,[False]
022983.jpg,[False]
171331.jpg,[False]
078751.jpg,[False]
126479.jpg,[False]
048110.jpg,[False]
190063.jpg,[False]
130287.jpg,[False]
191625.jpg,[False]
001106.jpg,[False]
087498.jpg,[False]
119619.jpg,[False]
032559.jpg,[False]
168576.jpg,[False]
092480.jpg,[False]
060355.jpg,[False]
072239.jpg,[False]
017699.jpg,[False]
092828.jpg,[False]
114519.jpg,[False]
089941.jpg,[False]
147661.jpg,[False]
112082.jpg,[False]
020553.jpg,[False]
172498.jpg,[False]
158474.jpg,[False]
078408.jpg,[False]
040117.jpg,[False]
141679.jpg,[False]
174065.jpg,[False]
031963.jpg,[False]
016332.jpg,[False]
060530.jpg,[False]
178036.jpg,[False]
057847.jpg,[False]
008175.jpg,[False]
130868.jpg,[False]
174862.jpg,[False]
032833.jpg,[False]
029990.jpg,[False]
042529.jpg,[False]
054438.jpg,[False]
033684.jpg,[False]
120381.jpg,[False]
125304.jpg,[False]
167067.jpg,[False]
017089.jpg,[False]
140995.jpg,[False]
074771.jpg,[False]
165262.jpg,[False]
110874.jpg,[False]
114899.jpg,[False]
115660.jpg,[False]
023219.jpg,[False]
015731.jpg,[False]
153786.jpg,[False]
071485.jpg,[False]
115635.jpg,[False]
101626.jpg,[False]
031776.jpg,[False]
017143.jpg,[False]
049734.jpg,[False]
133438.jpg,[False]
191043.jpg,[False]
059948.jpg,[False]
090469.jpg,[False]
079660.jpg,[False]
168732.jpg,[False]
046049.jpg,[False]
038031.jpg,[False]
185296.jpg,[False]
119737.jpg,[False]
084978.jpg,[False]
023640.jpg,[False]
030145.jpg,[False]
120189.jpg,[False]
087117.jpg,[False]
052122.jpg,[False]
147364.jpg,[False]
019897.jpg,[False]
095209.jpg,[False]
012166.jpg,[False]
131245.jpg,[False]
139813.jpg,[False]
081693.jpg,[False]
195903.jpg,[False]
066446.jpg,[False]
044340.jpg,[False]
067993.jpg,[False]
020091.jpg,[False]
014279.jpg,[False]
117490.jpg,[False]
015113.jpg,[False]
171424.jpg,[False]
003137.jpg,[False]
061511.jpg,[False]
139017.jpg,[False]
184624.jpg,[False]
178376.jpg,[False]
007156.jpg,[False]
024264.jpg,[False]
123537.jpg,[False]
095961.jpg,[False]
127206.jpg,[False]
034099.jpg,[False]
139849.jpg,[False]
015973.jpg,[False]
092462.jpg,[False]
104289.jpg,[False]
148671.jpg,[False]
198836.jpg,[False]
082245.jpg,[False]
157998.jpg,[False]
065864.jpg,[False]
093854.jpg,[False]
091432.jpg,[False]
065075.jpg,[False]
086296.jpg,[False]
173070.jpg,[False]
034679.jpg,[False]
090096.jpg,[False]
034783.jpg,[False]
108287.jpg,[False]
168608.jpg,[False]
130244.jpg,[False]
059968.jpg,[False]
017922.jpg,[False]
031070.jpg,[False]
138400.jpg,[False]
182735.jpg,[False]
065192.jpg,[False]
112036.jpg,[False]
019565.jpg,[False]
198345.jpg,[False]
029497.jpg,[False]
134792.jpg,[False]
153306.jpg,[False]
040847.jpg,[False]
017764.jpg,[False]
188492.jpg,[False]
026109.jpg,[False]
099469.jpg,[False]
156369.jpg,[False]
130097.jpg,[False]
115192.jpg,[False]
064803.jpg,[False]
029572.jpg,[False]
051548.jpg,[False]
002863.jpg,[False]
012060.jpg,[False]
165281.jpg,[False]
018413.jpg,[False]
132038.jpg,[False]
011171.jpg,[False]
172699.jpg,[False]
197865.jpg,[False]
107785.jpg,[False]
098375.jpg,[False]
198105.jpg,[False]
034237.jpg,[False]
056459.jpg,[False]
194505.jpg,[False]
026499.jpg,[False]
121572.jpg,[False]
013650.jpg,[False]
139065.jpg,[False]
061803.jpg,[False]
172645.jpg,[False]
100007.jpg,[False]
188682.jpg,[False]
066927.jpg,[False]
177635.jpg,[False]
048592.jpg,[False]
139097.jpg,[False]
121181.jpg,[False]
014270.jpg,[False]
113025.jpg,[False]
023031.jpg,[False]
118743.jpg,[False]
062885.jpg,[False]
106127.jpg,[False]
178675.jpg,[False]
011912.jpg,[False]
167787.jpg,[False]
128891.jpg,[False]
000514.jpg,[False]
106303.jpg,[False]
191039.jpg,[False]
019887.jpg,[False]
018249.jpg,[False]
112056.jpg,[False]
012495.jpg,[False]
168111.jpg,[False]
150071.jpg,[False]
172480.jpg,[False]
157530.jpg,[False]
135215.jpg,[False]
096378.jpg,[False]
123760.jpg,[False]
113692.jpg,[False]
064679.jpg,[False]
186133.jpg,[False]
001248.jpg,[False]
154603.jpg,[False]
119348.jpg,[False]
013693.jpg,[False]
181828.jpg,[False]
067891.jpg,[False]
077028.jpg,[False]
201371.jpg,[False]
010246.jpg,[False]
125416.jpg,[False]
130208.jpg,[False]
151726.jpg,[False]
037797.jpg,[False]
074166.jpg,[False]
087435.jpg,[False]
191216.jpg,[False]
044880.jpg,[False]
165334.jpg,[False]
165513.jpg,[False]
085008.jpg,[False]
150048.jpg,[False]
116218.jpg,[False]
093961.jpg,[False]
089245.jpg,[False]
130163.jpg,[False]
058295.jpg,[False]
034315.jpg,[False]
051429.jpg,[False]
089179.jpg,[False]
009167.jpg,[False]
116252.jpg,[False]
114395.jpg,[False]
083334.jpg,[False]
008616.jpg,[False]
014827.jpg,[False]
201653.jpg,[False]
129201.jpg,[False]
009276.jpg,[False]
114308.jpg,[False]
141685.jpg,[False]
149647.jpg,[False]
076144.jpg,[False]
106199.jpg,[False]
198303.jpg,[False]
010108.jpg,[False]
166622.jpg,[False]
087364.jpg,[False]
068958.jpg,[False]
028025.jpg,[False]
098620.jpg,[False]
063413.jpg,[False]
110548.jpg,[False]
198377.jpg,[False]
182616.jpg,[False]
187259.jpg,[False]
139086.jpg,[False]
137291.jpg,[False]
000597.jpg,[False]
096945.jpg,[False]
023385.jpg,[False]
001237.jpg,[False]
032543.jpg,[False]
054521.jpg,[False]
124562.jpg,[False]
102986.jpg,[False]
181362.jpg,[False]
152254.jpg,[False]
109806.jpg,[False]
167131.jpg,[False]
161804.jpg,[False]
130798.jpg,[False]
045871.jpg,[False]
170233.jpg,[False]
201379.jpg,[False]
025037.jpg,[False]
123320.jpg,[False]
127359.jpg,[False]
173955.jpg,[False]
064076.jpg,[False]
087690.jpg,[False]
011165.jpg,[False]
